店舗名,エリア,インスタユーザー名,インスタURL,最終投稿日,今月の投稿数,直近の投稿内容
syodai_ebisu,,syodai_ebisu,https://www.instagram.com/syodai_ebisu/,,,
asahi_kushikatsu,,asahi_kushikatsu,https://www.instagram.com/asahi_kushikatsu/,,,
iruri_kushikatsu,,iruri_kushikatsu,https://www.instagram.com/iruri_kushikatsu/,,,
kushikatu.jyanjyan,,kushikatu.jyanjyan,https://www.instagram.com/kushikatu.jyanjyan/,,,
nadai.turukameya,,nadai.turukameya,https://www.instagram.com/nadai.turukameya/,,,
tsurikichi_shinsekai,,tsurikichi_shinsekai,https://www.instagram.com/tsurikichi_shinsekai/,,,
gifuya_honke,,gifuya_honke,https://www.instagram.com/gifuya_honke/,,,
gihuya_kushikatsu,,gihuya_kushikatsu,https://www.instagram.com/gihuya_kushikatsu/,,,
yokozuna.tutenkaku,,yokozuna.tutenkaku,https://www.instagram.com/yokozuna.tutenkaku/,,,
yokozuna_honten,,yokozuna_honten,https://www.instagram.com/yokozuna_honten/,,,
hujiyama0405,,hujiyama0405,https://www.instagram.com/hujiyama0405/,,,
pegopayo_tenshiba,,pegopayo_tenshiba,https://www.instagram.com/pegopayo_tenshiba/,,,
daimaru_kushikatsu,,daimaru_kushikatsu,https://www.instagram.com/daimaru_kushikatsu/,,,
jmt_umeda,,jmt_umeda,https://www.instagram.com/jmt_umeda/,,,
sakatomo.ryouma,,sakatomo.ryouma,https://www.instagram.com/sakatomo.ryouma/,,,
eat_man_higashi,,eat_man_higashi,https://www.instagram.com/eat_man_higashi/,,,
nobuchan_umeda,,nobuchan_umeda,https://www.instagram.com/nobuchan_umeda/,,,
niku_ju3,,niku_ju3,https://www.instagram.com/niku_ju3/,,,
sashisuseso_umeda,,sashisuseso_umeda,https://www.instagram.com/sashisuseso_umeda/,,,
new__akebono,,new__akebono,https://www.instagram.com/new__akebono/,,,
niku_ju,,niku_ju,https://www.instagram.com/niku_ju/,,,
sashisuseso_ohatsu,,sashisuseso_ohatsu,https://www.instagram.com/sashisuseso_ohatsu/,,,
pao2.umeda_osaka,,pao2.umeda_osaka,https://www.instagram.com/pao2.umeda_osaka/,,,
bejiton_nakasaki,,bejiton_nakasaki,https://www.instagram.com/bejiton_nakasaki/,,,
yakitori.midori,,yakitori.midori,https://www.instagram.com/yakitori.midori/,,,
koufuku_umai_tori,,koufuku_umai_tori,https://www.instagram.com/koufuku_umai_tori/,,,
pegopayostagram,,pegopayostagram,https://www.instagram.com/pegopayostagram/,,,
romandou_robata,,romandou_robata,https://www.instagram.com/romandou_robata/,,,
tsurikiti_namba,,tsurikiti_namba,https://www.instagram.com/tsurikiti_namba/,,,
perori_na_,,perori_na_,https://www.instagram.com/perori_na_/,,,
yokoduna_sennichimae,,yokoduna_sennichimae,https://www.instagram.com/yokoduna_sennichimae/,,,
toriki_namba,,toriki_namba,https://www.instagram.com/toriki_namba/,,,
yokoduna_hozenji,,yokoduna_hozenji,https://www.instagram.com/yokoduna_hozenji/,,,
kampaiya_aioi,,kampaiya_aioi,https://www.instagram.com/kampaiya_aioi/,,,
kadohachi_namba,,kadohachi_namba,https://www.instagram.com/kadohachi_namba/,,,
yoiyoiya_nanba,,yoiyoiya_nanba,https://www.instagram.com/yoiyoiya_nanba/,,,
kitaguni.ndanda,,kitaguni.ndanda,https://www.instagram.com/kitaguni.ndanda/,,,
yokoduna.doyama,,yokoduna.doyama,https://www.instagram.com/yokoduna.doyama/,,,
yokozuna_higashidori,,yokozuna_higashidori,https://www.instagram.com/yokozuna_higashidori/,,,
oumi_umeda,,oumi_umeda,https://www.instagram.com/oumi_umeda/,,,
iroha.umeda,,iroha.umeda,https://www.instagram.com/iroha.umeda/,,,
touhoku_dabesa,,touhoku_dabesa,https://www.instagram.com/touhoku_dabesa/,,,
kyoubashi_hall,,kyoubashi_hall,https://www.instagram.com/kyoubashi_hall/,,,
sushi.sawa,,sushi.sawa,https://www.instagram.com/sushi.sawa/,,,
sushi_nono_umeda,,sushi_nono_umeda,https://www.instagram.com/sushi_nono_umeda/,,,
syunka2018,,syunka2018,https://www.instagram.com/syunka2018/,,,
yakiniku_meimon,,yakiniku_meimon,https://www.instagram.com/yakiniku_meimon/,,,
kushiage_kanayama1,,kushiage_kanayama1,https://www.instagram.com/kushiage_kanayama1/,,,
nagominanba,,nagominanba,https://www.instagram.com/nagominanba/,,,
awakurai_umeda,,awakurai_umeda,https://www.instagram.com/awakurai_umeda/,,,
permille_shokudo,,permille_shokudo,https://www.instagram.com/permille_shokudo/,,,
hibachiya_marudori,,hibachiya_marudori,https://www.instagram.com/hibachiya_marudori/,,,
jyo_zetsu,,jyo_zetsu,https://www.instagram.com/jyo_zetsu/,,,
micasita.umeda,,micasita.umeda,https://www.instagram.com/micasita.umeda/,,,
susabiyu,,susabiyu,https://www.instagram.com/susabiyu/,,,
furenchisakaba_gold,,furenchisakaba_gold,https://www.instagram.com/furenchisakaba_gold/,,,
hiyokohanten,,hiyokohanten,https://www.instagram.com/hiyokohanten/,,,
kejon82_umeda,,kejon82_umeda,https://www.instagram.com/kejon82_umeda/,,,
kejon_82,,kejon_82,https://www.instagram.com/kejon_82/,,,
parfaiterialargo,,parfaiterialargo,https://www.instagram.com/parfaiterialargo/,,,
kissa_largo,,kissa_largo,https://www.instagram.com/kissa_largo/,,,
largo_lucua,,largo_lucua,https://www.instagram.com/largo_lucua/,,,
arata_umeda,,arata_umeda,https://www.instagram.com/arata_umeda/,,,
craftman_umami,,craftman_umami,https://www.instagram.com/craftman_umami/,,,
chachan_umeda,,chachan_umeda,https://www.instagram.com/chachan_umeda/,,,
osaka.yakiniku_nito,,osaka.yakiniku_nito,https://www.instagram.com/osaka.yakiniku_nito/,,,
kanpaiya_shibata,,kanpaiya_shibata,https://www.instagram.com/kanpaiya_shibata/,,,
gyunabeagura,,gyunabeagura,https://www.instagram.com/gyunabeagura/,,,
kanpaiya_ohatu,,kanpaiya_ohatu,https://www.instagram.com/kanpaiya_ohatu/,,,
susabiyu_ohatsu,,susabiyu_ohatsu,https://www.instagram.com/susabiyu_ohatsu/,,,
hassen_umedadoyama,,hassen_umedadoyama,https://www.instagram.com/hassen_umedadoyama/,,,
tabecareer,,tabecareer,https://www.instagram.com/tabecareer/,,,
ajino_tanukiya,,ajino_tanukiya,https://www.instagram.com/ajino_tanukiya/,,,
susabiyu_kyoto,,susabiyu_kyoto,https://www.instagram.com/susabiyu_kyoto/,,,
kushiemon_osaka,,kushiemon_osaka,https://www.instagram.com/kushiemon_osaka/,,,
umeda_daihall,,umeda_daihall,https://www.instagram.com/umeda_daihall/,,,
nagomi_kadoma,,nagomi_kadoma,https://www.instagram.com/nagomi_kadoma/,,,
largo_kadoma,,largo_kadoma,https://www.instagram.com/largo_kadoma/,,,
seino_shinsekai,,seino_shinsekai,https://www.instagram.com/seino_shinsekai/,,,
kuromonsushi,,kuromonsushi,https://www.instagram.com/kuromonsushi/,,,
okaniwa_higobashi,,okaniwa_higobashi,https://www.instagram.com/okaniwa_higobashi/,,,
temmasushi,,temmasushi,https://www.instagram.com/temmasushi/,,,
yokozuna_namba,,yokozuna_namba,https://www.instagram.com/yokozuna_namba/,,,
kadoma_largo,,kadoma_largo,https://www.instagram.com/kadoma_largo/,,,
kuma_toriyaki,,kuma_toriyaki,https://www.instagram.com/kuma_toriyaki/,,,
hassen_tenma,,hassen_tenma,https://www.instagram.com/hassen_tenma/,,,
taisyusakaba_sanma,,taisyusakaba_sanma,https://www.instagram.com/taisyusakaba_sanma/,,,
oden_yuami,,oden_yuami,https://www.instagram.com/oden_yuami/,,,
initiate_gourmet,,initiate_gourmet,https://www.instagram.com/initiate_gourmet/,,,
monjya_shiruku,,monjya_shiruku,https://www.instagram.com/monjya_shiruku/,,,
gifuya_official,,gifuya_official,https://www.instagram.com/gifuya_official/,,,
hare___official,,hare___official,https://www.instagram.com/hare___official/,,,
osakayakiniku_nito,,osakayakiniku_nito,https://www.instagram.com/osakayakiniku_nito/,,,
dontaku_miyakojima,,dontaku_miyakojima,https://www.instagram.com/dontaku_miyakojima/,,,
susabiyu_kabukicho,,susabiyu_kabukicho,https://www.instagram.com/susabiyu_kabukicho/,,,
kyoubashi_hall_tenma,,kyoubashi_hall_tenma,https://www.instagram.com/kyoubashi_hall_tenma/,,,
syodai_ebisu02,,syodai_ebisu02,https://www.instagram.com/syodai_ebisu02/,,,
yokoduna_nankaidori,,yokoduna_nankaidori,https://www.instagram.com/yokoduna_nankaidori/,,,
kadomasu_umeda,,kadomasu_umeda,https://www.instagram.com/kadomasu_umeda/,,,
yokoduna_nankaidori02,,yokoduna_nankaidori02,https://www.instagram.com/yokoduna_nankaidori02/,,,
yamacho_kuromon,,yamacho_kuromon,https://www.instagram.com/yamacho_kuromon/,,,
temmasushi_ekimae,,temmasushi_ekimae,https://www.instagram.com/temmasushi_ekimae/,,,
oryouri_sazae,,oryouri_sazae,https://www.instagram.com/oryouri_sazae/,,,
susabiyu-tenmabashi,,susabiyu-tenmabashi,https://www.instagram.com/susabiyu-tenmabashi/,,,
appare_shinsekai,,appare_shinsekai,https://www.instagram.com/appare_shinsekai/,,,
i_love_osaka_foodcourt,,i_love_osaka_foodcourt,https://www.instagram.com/i_love_osaka_foodcourt/,,,
gold.ohatsutenjin,,gold.ohatsutenjin,https://www.instagram.com/gold.ohatsutenjin/,,,
fruits_candy_shop,,fruits_candy_shop,https://www.instagram.com/fruits_candy_shop/,,,
ryorito_sake_taidai,,ryorito_sake_taidai,https://www.instagram.com/ryorito_sake_taidai/,,,
sakaba_mitubachi88,,sakaba_mitubachi88,https://www.instagram.com/sakaba_mitubachi88/,,,
kanpaiya_bekkan,,kanpaiya_bekkan,https://www.instagram.com/kanpaiya_bekkan/,,,
fukuokakenjin_umeda,,fukuokakenjin_umeda,https://www.instagram.com/fukuokakenjin_umeda/,,,
sushino_tanuki,,sushino_tanuki,https://www.instagram.com/sushino_tanuki/,,,
osaka_banpaku_foodcourt,,osaka_banpaku_foodcourt,https://www.instagram.com/osaka_banpaku_foodcourt/,,,
gihuya_banpaku,,gihuya_banpaku,https://www.instagram.com/gihuya_banpaku/,,,
yokozuna_banpaku,,yokozuna_banpaku,https://www.instagram.com/yokozuna_banpaku/,,,
larugo_banpaku,,larugo_banpaku,https://www.instagram.com/larugo_banpaku/,,,
umami_banpaku,,umami_banpaku,https://www.instagram.com/umami_banpaku/,,,
meimon_banpaku,,meimon_banpaku,https://www.instagram.com/meimon_banpaku/,,,
manpukuudon_banpaku,,manpukuudon_banpaku,https://www.instagram.com/manpukuudon_banpaku/,,,
hiyokohanten_banpaku,,hiyokohanten_banpaku,https://www.instagram.com/hiyokohanten_banpaku/,,,
osaka_ichiban_banpaku,,osaka_ichiban_banpaku,https://www.instagram.com/osaka_ichiban_banpaku/,,,
manpukusweet_banpaku,,manpukusweet_banpaku,https://www.instagram.com/manpukusweet_banpaku/,,,
kuromonzushi_banpaku,,kuromonzushi_banpaku,https://www.instagram.com/kuromonzushi_banpaku/,,,
yamacyou_nigouten,,yamacyou_nigouten,https://www.instagram.com/yamacyou_nigouten/,,,
sankeikurabu,,sankeikurabu,https://www.instagram.com/sankeikurabu/,,,
gihuya_tenmabashi,,gihuya_tenmabashi,https://www.instagram.com/gihuya_tenmabashi/,,,
somen_kakefu,,somen_kakefu,https://www.instagram.com/somen_kakefu/,,,
sushi_nono_kitashinchi,,sushi_nono_kitashinchi,https://www.instagram.com/sushi_nono_kitashinchi/,,,
tsurusushi_umeda,,tsurusushi_umeda,https://www.instagram.com/tsurusushi_umeda/,,,
sakaba_mogura,,sakaba_mogura,https://www.instagram.com/sakaba_mogura/,,,
susabiyu_sanjyo,,susabiyu_sanjyo,https://www.instagram.com/susabiyu_sanjyo/,,,
susabiyu.shinjyuku,,susabiyu.shinjyuku,https://www.instagram.com/susabiyu.shinjyuku/,,,
nagagutsu0427,,nagagutsu0427,https://www.instagram.com/nagagutsu0427/,,,
jet_kushikatsu,,jet_kushikatsu,https://www.instagram.com/jet_kushikatsu/,,,
tensushi0207,,tensushi0207,https://www.instagram.com/tensushi0207/,,,
steakhanbaguking,,steakhanbaguking,https://www.instagram.com/steakhanbaguking/,,,
yakitoribakuhu,,yakitoribakuhu,https://www.instagram.com/yakitoribakuhu/,,,
kasiwaya_torikin,,kasiwaya_torikin,https://www.instagram.com/kasiwaya_torikin/,,,
hassen.umeda,,hassen.umeda,https://www.instagram.com/hassen.umeda/,,,
toriishi_honten,,toriishi_honten,https://www.instagram.com/toriishi_honten/,,,
toriishi_bekkan,,toriishi_bekkan,https://www.instagram.com/toriishi_bekkan/,,,
nakamuraya_hanare,,nakamuraya_hanare,https://www.instagram.com/nakamuraya_hanare/,,,
sushi.harebare,,sushi.harebare,https://www.instagram.com/sushi.harebare/,,,
toritoshunsai.878,,toritoshunsai.878,https://www.instagram.com/toritoshunsai.878/,,,
temmasushi_uratenma,,temmasushi_uratenma,https://www.instagram.com/temmasushi_uratenma/,,,
